id,price
15035,inf
15036,inf
15037,inf
15038,inf
15039,inf
15040,inf
15041,inf
15042,inf
15043,inf
15044,inf
15045,inf
15046,inf
15047,inf
15048,inf
15049,inf
15050,inf
15051,inf
15052,inf
15053,inf
15054,inf
15055,inf
15056,inf
15057,inf
15058,inf
15059,inf
15060,inf
15061,inf
15062,inf
15063,inf
15064,inf
15065,inf
15066,inf
15067,inf
15068,inf
15069,inf
15070,inf
15071,inf
15072,inf
15073,inf
15074,inf
15075,inf
15076,inf
15077,inf
15078,inf
15079,inf
15080,inf
15081,inf
15082,inf
15083,inf
15084,inf
15085,inf
15086,inf
15087,inf
15088,inf
15089,inf
15090,inf
15091,inf
15092,inf
15093,inf
15094,inf
15095,inf
15096,inf
15097,inf
15098,inf
15099,inf
15100,inf
15101,inf
15102,inf
15103,inf
15104,inf
15105,inf
15106,inf
15107,inf
15108,inf
15109,inf
15110,inf
15111,inf
15112,inf
15113,inf
15114,inf
15115,inf
15116,inf
15117,inf
15118,inf
15119,inf
15120,inf
15121,inf
15122,inf
15123,inf
15124,inf
15125,inf
15126,inf
15127,inf
15128,inf
15129,inf
15130,inf
15131,inf
15132,inf
15133,inf
15134,inf
15135,inf
15136,inf
15137,inf
15138,inf
15139,inf
15140,inf
15141,inf
15142,inf
15143,inf
15144,inf
15145,inf
15146,inf
15147,inf
15148,inf
15149,inf
15150,inf
15151,inf
15152,inf
15153,inf
15154,inf
15155,inf
15156,inf
15157,inf
15158,inf
15159,inf
15160,inf
15161,inf
15162,inf
15163,inf
15164,inf
15165,inf
15166,inf
15167,inf
15168,inf
15169,inf
15170,inf
15171,inf
15172,inf
15173,inf
15174,inf
15175,inf
15176,inf
15177,inf
15178,inf
15179,inf
15180,inf
15181,inf
15182,inf
15183,inf
15184,inf
15185,inf
15186,inf
15187,inf
15188,inf
15189,inf
15190,inf
15191,inf
15192,inf
15193,inf
15194,inf
15195,inf
15196,inf
15197,inf
15198,inf
15199,inf
15200,inf
15201,inf
15202,inf
15203,inf
15204,inf
15205,inf
15206,inf
15207,inf
15208,inf
15209,inf
15210,inf
15211,inf
15212,inf
15213,inf
15214,inf
15215,inf
15216,inf
15217,inf
15218,inf
15219,inf
15220,inf
15221,inf
15222,inf
15223,inf
15224,inf
15225,inf
15226,inf
15227,inf
15228,inf
15229,inf
15230,inf
15231,inf
15232,inf
15233,inf
15234,inf
15235,inf
15236,inf
15237,inf
15238,inf
15239,inf
15240,inf
15241,inf
15242,inf
15243,inf
15244,inf
15245,inf
15246,inf
15247,inf
15248,inf
15249,inf
15250,inf
15251,inf
15252,inf
15253,inf
15254,inf
15255,inf
15256,inf
15257,inf
15258,inf
15259,inf
15260,inf
15261,inf
15262,inf
15263,inf
15264,inf
15265,inf
15266,inf
15267,inf
15268,inf
15269,inf
15270,inf
15271,inf
15272,inf
15273,inf
15274,inf
15275,inf
15276,inf
15277,inf
15278,inf
15279,inf
15280,inf
15281,inf
15282,inf
15283,inf
15284,inf
15285,inf
15286,inf
15287,inf
15288,inf
15289,inf
15290,inf
15291,inf
15292,inf
15293,inf
15294,inf
15295,inf
15296,inf
15297,inf
15298,inf
15299,inf
15300,inf
15301,inf
15302,inf
15303,inf
15304,inf
15305,inf
15306,inf
15307,inf
15308,inf
15309,inf
15310,inf
15311,inf
15312,inf
15313,inf
15314,inf
15315,inf
15316,inf
15317,inf
15318,inf
15319,inf
15320,inf
15321,inf
15322,inf
15323,inf
15324,inf
15325,inf
15326,inf
15327,inf
15328,inf
15329,inf
15330,inf
15331,inf
15332,inf
15333,inf
15334,inf
15335,inf
15336,inf
15337,inf
15338,inf
15339,inf
15340,inf
15341,inf
15342,inf
15343,inf
15344,inf
15345,inf
15346,inf
15347,inf
15348,inf
15349,inf
15350,inf
15351,inf
15352,inf
15353,inf
15354,inf
15355,inf
15356,inf
15357,inf
15358,inf
15359,inf
15360,inf
15361,inf
15362,inf
15363,inf
15364,inf
15365,inf
15366,inf
15367,inf
15368,inf
15369,inf
15370,inf
15371,inf
15372,inf
15373,inf
15374,inf
15375,inf
15376,inf
15377,inf
15378,inf
15379,inf
15380,inf
15381,inf
15382,inf
15383,inf
15384,inf
15385,inf
15386,inf
15387,inf
15388,inf
15389,inf
15390,inf
15391,inf
15392,inf
15393,inf
15394,inf
15395,inf
15396,inf
15397,inf
15398,inf
15399,inf
15400,inf
15401,inf
15402,inf
15403,inf
15404,inf
15405,inf
15406,inf
15407,inf
15408,inf
15409,inf
15410,inf
15411,inf
15412,inf
15413,inf
15414,inf
15415,inf
15416,inf
15417,inf
15418,inf
15419,inf
15420,inf
15421,inf
15422,inf
15423,inf
15424,inf
15425,inf
15426,inf
15427,inf
15428,inf
15429,inf
15430,inf
15431,inf
15432,inf
15433,inf
15434,inf
15435,inf
15436,inf
15437,inf
15438,inf
15439,inf
15440,inf
15441,inf
15442,inf
15443,inf
15444,inf
15445,inf
15446,inf
15447,inf
15448,inf
15449,inf
15450,inf
15451,inf
15452,inf
15453,inf
15454,inf
15455,inf
15456,inf
15457,inf
15458,inf
15459,inf
15460,inf
15461,inf
15462,inf
15463,inf
15464,inf
15465,inf
15466,inf
15467,inf
15468,inf
15469,inf
15470,inf
15471,inf
15472,inf
15473,inf
15474,inf
15475,inf
15476,inf
15477,inf
15478,inf
15479,inf
15480,inf
15481,inf
15482,inf
15483,inf
15484,inf
15485,inf
15486,inf
15487,inf
15488,inf
15489,inf
15490,inf
15491,inf
15492,inf
15493,inf
15494,inf
15495,inf
15496,inf
15497,inf
15498,inf
15499,inf
15500,inf
15501,inf
15502,inf
15503,inf
15504,inf
15505,inf
15506,inf
15507,inf
15508,inf
15509,inf
15510,inf
15511,inf
15512,inf
15513,inf
15514,inf
15515,inf
15516,inf
15517,inf
15518,inf
15519,inf
15520,inf
15521,inf
15522,inf
15523,inf
15524,inf
15525,inf
15526,inf
15527,inf
15528,inf
15529,inf
15530,inf
15531,inf
15532,inf
15533,inf
15534,inf
15535,inf
15536,inf
15537,inf
15538,inf
15539,inf
15540,inf
15541,inf
15542,inf
15543,inf
15544,inf
15545,inf
15546,inf
15547,inf
15548,inf
15549,inf
15550,inf
15551,inf
15552,inf
15553,inf
15554,inf
15555,inf
15556,inf
15557,inf
15558,inf
15559,inf
15560,inf
15561,inf
15562,inf
15563,inf
15564,inf
15565,inf
15566,inf
15567,inf
15568,inf
15569,inf
15570,inf
15571,inf
15572,inf
15573,inf
15574,inf
15575,inf
15576,inf
15577,inf
15578,inf
15579,inf
15580,inf
15581,inf
15582,inf
15583,inf
15584,inf
15585,inf
15586,inf
15587,inf
15588,inf
15589,inf
15590,inf
15591,inf
15592,inf
15593,inf
15594,inf
15595,inf
15596,inf
15597,inf
15598,inf
15599,inf
15600,inf
15601,inf
15602,inf
15603,inf
15604,inf
15605,inf
15606,inf
15607,inf
15608,inf
15609,inf
15610,inf
15611,inf
15612,inf
15613,inf
15614,inf
15615,inf
15616,inf
15617,inf
15618,inf
15619,inf
15620,inf
15621,inf
15622,inf
15623,inf
15624,inf
15625,inf
15626,inf
15627,inf
15628,inf
15629,inf
15630,inf
15631,inf
15632,inf
15633,inf
15634,inf
15635,inf
15636,inf
15637,inf
15638,inf
15639,inf
15640,inf
15641,inf
15642,inf
15643,inf
15644,inf
15645,inf
15646,inf
15647,inf
15648,inf
15649,inf
15650,inf
15651,inf
15652,inf
15653,inf
15654,inf
15655,inf
15656,inf
15657,inf
15658,inf
15659,inf
15660,inf
15661,inf
15662,inf
15663,inf
15664,inf
15665,inf
15666,inf
15667,inf
15668,inf
15669,inf
15670,inf
15671,inf
15672,inf
15673,inf
15674,inf
15675,inf
15676,inf
15677,inf
15678,inf
15679,inf
15680,inf
15681,inf
15682,inf
15683,inf
15684,inf
15685,inf
15686,inf
15687,inf
15688,inf
15689,inf
15690,inf
15691,inf
15692,inf
15693,inf
15694,inf
15695,inf
15696,inf
15697,inf
15698,inf
15699,inf
15700,inf
15701,inf
15702,inf
15703,inf
15704,inf
15705,inf
15706,inf
15707,inf
15708,inf
15709,inf
15710,inf
15711,inf
15712,inf
15713,inf
15714,inf
15715,inf
15716,inf
15717,inf
15718,inf
15719,inf
15720,inf
15721,inf
15722,inf
15723,inf
15724,inf
15725,inf
15726,inf
15727,inf
15728,inf
15729,inf
15730,inf
15731,inf
15732,inf
15733,inf
15734,inf
15735,inf
15736,inf
15737,inf
15738,inf
15739,inf
15740,inf
15741,inf
15742,inf
15743,inf
15744,inf
15745,inf
15746,inf
15747,inf
15748,inf
15749,inf
15750,inf
15751,inf
15752,inf
15753,inf
15754,inf
15755,inf
15756,inf
15757,inf
15758,inf
15759,inf
15760,inf
15761,inf
15762,inf
15763,inf
15764,inf
15765,inf
15766,inf
15767,inf
15768,inf
15769,inf
15770,inf
15771,inf
15772,inf
15773,inf
15774,inf
15775,inf
15776,inf
15777,inf
15778,inf
15779,inf
15780,inf
15781,inf
15782,inf
15783,inf
15784,inf
15785,inf
15786,inf
15787,inf
15788,inf
15789,inf
15790,inf
15791,inf
15792,inf
15793,inf
15794,inf
15795,inf
15796,inf
15797,inf
15798,inf
15799,inf
15800,inf
15801,inf
15802,inf
15803,inf
15804,inf
15805,inf
15806,inf
15807,inf
15808,inf
15809,inf
15810,inf
15811,inf
15812,inf
15813,inf
15814,inf
15815,inf
15816,inf
15817,inf
15818,inf
15819,inf
15820,inf
15821,inf
15822,inf
15823,inf
15824,inf
15825,inf
15826,inf
15827,inf
15828,inf
15829,inf
15830,inf
15831,inf
15832,inf
15833,inf
15834,inf
15835,inf
15836,inf
15837,inf
15838,inf
15839,inf
15840,inf
15841,inf
15842,inf
15843,inf
15844,inf
15845,inf
15846,inf
15847,inf
15848,inf
15849,inf
15850,inf
15851,inf
15852,inf
15853,inf
15854,inf
15855,inf
15856,inf
15857,inf
15858,inf
15859,inf
15860,inf
15861,inf
15862,inf
15863,inf
15864,inf
15865,inf
15866,inf
15867,inf
15868,inf
15869,inf
15870,inf
15871,inf
15872,inf
15873,inf
15874,inf
15875,inf
15876,inf
15877,inf
15878,inf
15879,inf
15880,inf
15881,inf
15882,inf
15883,inf
15884,inf
15885,inf
15886,inf
15887,inf
15888,inf
15889,inf
15890,inf
15891,inf
15892,inf
15893,inf
15894,inf
15895,inf
15896,inf
15897,inf
15898,inf
15899,inf
15900,inf
15901,inf
15902,inf
15903,inf
15904,inf
15905,inf
15906,inf
15907,inf
15908,inf
15909,inf
15910,inf
15911,inf
15912,inf
15913,inf
15914,inf
15915,inf
15916,inf
15917,inf
15918,inf
15919,inf
15920,inf
15921,inf
15922,inf
15923,inf
15924,inf
15925,inf
15926,inf
15927,inf
15928,inf
15929,inf
15930,inf
15931,inf
15932,inf
15933,inf
15934,inf
15935,inf
15936,inf
15937,inf
15938,inf
15939,inf
15940,inf
15941,inf
15942,inf
15943,inf
15944,inf
15945,inf
15946,inf
15947,inf
15948,inf
15949,inf
15950,inf
15951,inf
15952,inf
15953,inf
15954,inf
15955,inf
15956,inf
15957,inf
15958,inf
15959,inf
15960,inf
15961,inf
15962,inf
15963,inf
15964,inf
15965,inf
15966,inf
15967,inf
15968,inf
15969,inf
15970,inf
15971,inf
15972,inf
15973,inf
15974,inf
15975,inf
15976,inf
15977,inf
15978,inf
15979,inf
15980,inf
15981,inf
15982,inf
15983,inf
15984,inf
15985,inf
15986,inf
15987,inf
15988,inf
15989,inf
15990,inf
15991,inf
15992,inf
15993,inf
15994,inf
15995,inf
15996,inf
15997,inf
15998,inf
15999,inf
16000,inf
16001,inf
16002,inf
16003,inf
16004,inf
16005,inf
16006,inf
16007,inf
16008,inf
16009,inf
16010,inf
16011,inf
16012,inf
16013,inf
16014,inf
16015,inf
16016,inf
16017,inf
16018,inf
16019,inf
16020,inf
16021,inf
16022,inf
16023,inf
16024,inf
16025,inf
16026,inf
16027,inf
16028,inf
16029,inf
16030,inf
16031,inf
16032,inf
16033,inf
16034,inf
16035,inf
16036,inf
16037,inf
16038,inf
16039,inf
16040,inf
16041,inf
16042,inf
16043,inf
16044,inf
16045,inf
16046,inf
16047,inf
16048,inf
16049,inf
16050,inf
16051,inf
16052,inf
16053,inf
16054,inf
16055,inf
16056,inf
16057,inf
16058,inf
16059,inf
16060,inf
16061,inf
16062,inf
16063,inf
16064,inf
16065,inf
16066,inf
16067,inf
16068,inf
16069,inf
16070,inf
16071,inf
16072,inf
16073,inf
16074,inf
16075,inf
16076,inf
16077,inf
16078,inf
16079,inf
16080,inf
16081,inf
16082,inf
16083,inf
16084,inf
16085,inf
16086,inf
16087,inf
16088,inf
16089,inf
16090,inf
16091,inf
16092,inf
16093,inf
16094,inf
16095,inf
16096,inf
16097,inf
16098,inf
16099,inf
16100,inf
16101,inf
16102,inf
16103,inf
16104,inf
16105,inf
16106,inf
16107,inf
16108,inf
16109,inf
16110,inf
16111,inf
16112,inf
16113,inf
16114,inf
16115,inf
16116,inf
16117,inf
16118,inf
16119,inf
16120,inf
16121,inf
16122,inf
16123,inf
16124,inf
16125,inf
16126,inf
16127,inf
16128,inf
16129,inf
16130,inf
16131,inf
16132,inf
16133,inf
16134,inf
16135,inf
16136,inf
16137,inf
16138,inf
16139,inf
16140,inf
16141,inf
16142,inf
16143,inf
16144,inf
16145,inf
16146,inf
16147,inf
16148,inf
16149,inf
16150,inf
16151,inf
16152,inf
16153,inf
16154,inf
16155,inf
16156,inf
16157,inf
16158,inf
16159,inf
16160,inf
16161,inf
16162,inf
16163,inf
16164,inf
16165,inf
16166,inf
16167,inf
16168,inf
16169,inf
16170,inf
16171,inf
16172,inf
16173,inf
16174,inf
16175,inf
16176,inf
16177,inf
16178,inf
16179,inf
16180,inf
16181,inf
16182,inf
16183,inf
16184,inf
16185,inf
16186,inf
16187,inf
16188,inf
16189,inf
16190,inf
16191,inf
16192,inf
16193,inf
16194,inf
16195,inf
16196,inf
16197,inf
16198,inf
16199,inf
16200,inf
16201,inf
16202,inf
16203,inf
16204,inf
16205,inf
16206,inf
16207,inf
16208,inf
16209,inf
16210,inf
16211,inf
16212,inf
16213,inf
16214,inf
16215,inf
16216,inf
16217,inf
16218,inf
16219,inf
16220,inf
16221,inf
16222,inf
16223,inf
16224,inf
16225,inf
16226,inf
16227,inf
16228,inf
16229,inf
16230,inf
16231,inf
16232,inf
16233,inf
16234,inf
16235,inf
16236,inf
16237,inf
16238,inf
16239,inf
16240,inf
16241,inf
16242,inf
16243,inf
16244,inf
16245,inf
16246,inf
16247,inf
16248,inf
16249,inf
16250,inf
16251,inf
16252,inf
16253,inf
16254,inf
16255,inf
16256,inf
16257,inf
16258,inf
16259,inf
16260,inf
16261,inf
16262,inf
16263,inf
16264,inf
16265,inf
16266,inf
16267,inf
16268,inf
16269,inf
16270,inf
16271,inf
16272,inf
16273,inf
16274,inf
16275,inf
16276,inf
16277,inf
16278,inf
16279,inf
16280,inf
16281,inf
16282,inf
16283,inf
16284,inf
16285,inf
16286,inf
16287,inf
16288,inf
16289,inf
16290,inf
16291,inf
16292,inf
16293,inf
16294,inf
16295,inf
16296,inf
16297,inf
16298,inf
16299,inf
16300,inf
16301,inf
16302,inf
16303,inf
16304,inf
16305,inf
16306,inf
16307,inf
16308,inf
16309,inf
16310,inf
16311,inf
16312,inf
16313,inf
16314,inf
16315,inf
16316,inf
16317,inf
16318,inf
16319,inf
16320,inf
16321,inf
16322,inf
16323,inf
16324,inf
16325,inf
16326,inf
16327,inf
16328,inf
16329,inf
16330,inf
16331,inf
16332,inf
16333,inf
16334,inf
16335,inf
16336,inf
16337,inf
16338,inf
16339,inf
16340,inf
16341,inf
16342,inf
16343,inf
16344,inf
16345,inf
16346,inf
16347,inf
16348,inf
16349,inf
16350,inf
16351,inf
16352,inf
16353,inf
16354,inf
16355,inf
16356,inf
16357,inf
16358,inf
16359,inf
16360,inf
16361,inf
16362,inf
16363,inf
16364,inf
16365,inf
16366,inf
16367,inf
16368,inf
16369,inf
16370,inf
16371,inf
16372,inf
16373,inf
16374,inf
16375,inf
16376,inf
16377,inf
16378,inf
16379,inf
16380,inf
16381,inf
16382,inf
16383,inf
16384,inf
16385,inf
16386,inf
16387,inf
16388,inf
16389,inf
16390,inf
16391,inf
16392,inf
16393,inf
16394,inf
16395,inf
16396,inf
16397,inf
16398,inf
16399,inf
16400,inf
16401,inf
16402,inf
16403,inf
16404,inf
16405,inf
16406,inf
16407,inf
16408,inf
16409,inf
16410,inf
16411,inf
16412,inf
16413,inf
16414,inf
16415,inf
16416,inf
16417,inf
16418,inf
16419,inf
16420,inf
16421,inf
16422,inf
16423,inf
16424,inf
16425,inf
16426,inf
16427,inf
16428,inf
16429,inf
16430,inf
16431,inf
16432,inf
16433,inf
16434,inf
16435,inf
16436,inf
16437,inf
16438,inf
16439,inf
16440,inf
16441,inf
16442,inf
16443,inf
16444,inf
16445,inf
16446,inf
16447,inf
16448,inf
16449,inf
16450,inf
16451,inf
16452,inf
16453,inf
16454,inf
16455,inf
16456,inf
16457,inf
16458,inf
16459,inf
16460,inf
16461,inf
16462,inf
16463,inf
16464,inf
16465,inf
16466,inf
16467,inf
16468,inf
16469,inf
16470,inf
16471,inf
16472,inf
16473,inf
16474,inf
16475,inf
16476,inf
16477,inf
16478,inf
16479,inf
16480,inf
16481,inf
16482,inf
16483,inf
16484,inf
16485,inf
16486,inf
16487,inf
16488,inf
16489,inf
16490,inf
16491,inf
16492,inf
16493,inf
16494,inf
16495,inf
16496,inf
16497,inf
16498,inf
16499,inf
16500,inf
16501,inf
16502,inf
16503,inf
16504,inf
16505,inf
16506,inf
16507,inf
16508,inf
16509,inf
16510,inf
16511,inf
16512,inf
16513,inf
16514,inf
16515,inf
16516,inf
16517,inf
16518,inf
16519,inf
16520,inf
16521,inf
16522,inf
16523,inf
16524,inf
16525,inf
16526,inf
16527,inf
16528,inf
16529,inf
16530,inf
16531,inf
16532,inf
16533,inf
16534,inf
16535,inf
16536,inf
16537,inf
16538,inf
16539,inf
16540,inf
16541,inf
16542,inf
16543,inf
16544,inf
16545,inf
16546,inf
16547,inf
16548,inf
16549,inf
16550,inf
16551,inf
16552,inf
16553,inf
16554,inf
16555,inf
16556,inf
16557,inf
16558,inf
16559,inf
16560,inf
16561,inf
16562,inf
16563,inf
16564,inf
16565,inf
16566,inf
16567,inf
16568,inf
16569,inf
16570,inf
16571,inf
16572,inf
16573,inf
16574,inf
16575,inf
16576,inf
16577,inf
16578,inf
16579,inf
16580,inf
16581,inf
16582,inf
16583,inf
16584,inf
16585,inf
16586,inf
16587,inf
16588,inf
16589,inf
16590,inf
16591,inf
16592,inf
16593,inf
16594,inf
16595,inf
16596,inf
16597,inf
16598,inf
16599,inf
16600,inf
16601,inf
16602,inf
16603,inf
16604,inf
16605,inf
16606,inf
16607,inf
16608,inf
16609,inf
16610,inf
16611,inf
16612,inf
16613,inf
16614,inf
16615,inf
16616,inf
16617,inf
16618,inf
16619,inf
16620,inf
16621,inf
16622,inf
16623,inf
16624,inf
16625,inf
16626,inf
16627,inf
16628,inf
16629,inf
16630,inf
16631,inf
16632,inf
16633,inf
16634,inf
16635,inf
16636,inf
16637,inf
16638,inf
16639,inf
16640,inf
16641,inf
16642,inf
16643,inf
16644,inf
16645,inf
16646,inf
16647,inf
16648,inf
16649,inf
16650,inf
16651,inf
16652,inf
16653,inf
16654,inf
16655,inf
16656,inf
16657,inf
16658,inf
16659,inf
16660,inf
16661,inf
16662,inf
16663,inf
16664,inf
16665,inf
16666,inf
16667,inf
16668,inf
16669,inf
16670,inf
16671,inf
16672,inf
16673,inf
16674,inf
16675,inf
16676,inf
16677,inf
16678,inf
16679,inf
16680,inf
16681,inf
16682,inf
16683,inf
16684,inf
16685,inf
16686,inf
16687,inf
16688,inf
16689,inf
16690,inf
16691,inf
16692,inf
16693,inf
16694,inf
16695,inf
16696,inf
16697,inf
16698,inf
16699,inf
16700,inf
16701,inf
16702,inf
16703,inf
16704,inf
16705,inf
16706,inf
16707,inf
16708,inf
16709,inf
16710,inf
16711,inf
16712,inf
16713,inf
16714,inf
16715,inf
16716,inf
16717,inf
16718,inf
16719,inf
16720,inf
16721,inf
16722,inf
16723,inf
16724,inf
16725,inf
16726,inf
16727,inf
16728,inf
16729,inf
16730,inf
16731,inf
16732,inf
16733,inf
16734,inf
16735,inf
16736,inf
16737,inf
16738,inf
16739,inf
16740,inf
16741,inf
16742,inf
16743,inf
16744,inf
16745,inf
16746,inf
16747,inf
16748,inf
16749,inf
16750,inf
16751,inf
16752,inf
16753,inf
16754,inf
16755,inf
16756,inf
16757,inf
16758,inf
16759,inf
16760,inf
16761,inf
16762,inf
16763,inf
16764,inf
16765,inf
16766,inf
16767,inf
16768,inf
16769,inf
16770,inf
16771,inf
16772,inf
16773,inf
16774,inf
16775,inf
16776,inf
16777,inf
16778,inf
16779,inf
16780,inf
16781,inf
16782,inf
16783,inf
16784,inf
16785,inf
16786,inf
16787,inf
16788,inf
16789,inf
16790,inf
16791,inf
16792,inf
16793,inf
16794,inf
16795,inf
16796,inf
16797,inf
16798,inf
16799,inf
16800,inf
16801,inf
16802,inf
16803,inf
16804,inf
16805,inf
16806,inf
16807,inf
16808,inf
16809,inf
16810,inf
16811,inf
16812,inf
16813,inf
16814,inf
16815,inf
16816,inf
16817,inf
16818,inf
16819,inf
16820,inf
16821,inf
16822,inf
16823,inf
16824,inf
16825,inf
16826,inf
16827,inf
16828,inf
16829,inf
16830,inf
16831,inf
16832,inf
16833,inf
16834,inf
16835,inf
16836,inf
16837,inf
16838,inf
16839,inf
16840,inf
16841,inf
16842,inf
16843,inf
16844,inf
16845,inf
16846,inf
16847,inf
16848,inf
16849,inf
16850,inf
16851,inf
16852,inf
16853,inf
16854,inf
16855,inf
16856,inf
16857,inf
16858,inf
16859,inf
16860,inf
16861,inf
16862,inf
16863,inf
16864,inf
16865,inf
16866,inf
16867,inf
16868,inf
16869,inf
16870,inf
16871,inf
16872,inf
16873,inf
16874,inf
16875,inf
16876,inf
16877,inf
16878,inf
16879,inf
16880,inf
16881,inf
16882,inf
16883,inf
16884,inf
16885,inf
16886,inf
16887,inf
16888,inf
16889,inf
16890,inf
16891,inf
16892,inf
16893,inf
16894,inf
16895,inf
16896,inf
16897,inf
16898,inf
16899,inf
16900,inf
16901,inf
16902,inf
16903,inf
16904,inf
16905,inf
16906,inf
16907,inf
16908,inf
16909,inf
16910,inf
16911,inf
16912,inf
16913,inf
16914,inf
16915,inf
16916,inf
16917,inf
16918,inf
16919,inf
16920,inf
16921,inf
16922,inf
16923,inf
16924,inf
16925,inf
16926,inf
16927,inf
16928,inf
16929,inf
16930,inf
16931,inf
16932,inf
16933,inf
16934,inf
16935,inf
16936,inf
16937,inf
16938,inf
16939,inf
16940,inf
16941,inf
16942,inf
16943,inf
16944,inf
16945,inf
16946,inf
16947,inf
16948,inf
16949,inf
16950,inf
16951,inf
16952,inf
16953,inf
16954,inf
16955,inf
16956,inf
16957,inf
16958,inf
16959,inf
16960,inf
16961,inf
16962,inf
16963,inf
16964,inf
16965,inf
16966,inf
16967,inf
16968,inf
16969,inf
16970,inf
16971,inf
16972,inf
16973,inf
16974,inf
16975,inf
16976,inf
16977,inf
16978,inf
16979,inf
16980,inf
16981,inf
16982,inf
16983,inf
16984,inf
16985,inf
16986,inf
16987,inf
16988,inf
16989,inf
16990,inf
16991,inf
16992,inf
16993,inf
16994,inf
16995,inf
16996,inf
16997,inf
16998,inf
16999,inf
17000,inf
17001,inf
17002,inf
17003,inf
17004,inf
17005,inf
17006,inf
17007,inf
17008,inf
17009,inf
17010,inf
17011,inf
17012,inf
17013,inf
17014,inf
17015,inf
17016,inf
17017,inf
17018,inf
17019,inf
17020,inf
17021,inf
17022,inf
17023,inf
17024,inf
17025,inf
17026,inf
17027,inf
17028,inf
17029,inf
17030,inf
17031,inf
17032,inf
17033,inf
17034,inf
17035,inf
17036,inf
17037,inf
17038,inf
17039,inf
17040,inf
17041,inf
17042,inf
17043,inf
17044,inf
17045,inf
17046,inf
17047,inf
17048,inf
17049,inf
17050,inf
17051,inf
17052,inf
17053,inf
17054,inf
17055,inf
17056,inf
17057,inf
17058,inf
17059,inf
17060,inf
17061,inf
17062,inf
17063,inf
17064,inf
17065,inf
17066,inf
17067,inf
17068,inf
17069,inf
17070,inf
17071,inf
17072,inf
17073,inf
17074,inf
17075,inf
17076,inf
17077,inf
17078,inf
17079,inf
17080,inf
17081,inf
17082,inf
17083,inf
17084,inf
17085,inf
17086,inf
17087,inf
17088,inf
17089,inf
17090,inf
17091,inf
17092,inf
17093,inf
17094,inf
17095,inf
17096,inf
17097,inf
17098,inf
17099,inf
17100,inf
17101,inf
17102,inf
17103,inf
17104,inf
17105,inf
17106,inf
17107,inf
17108,inf
17109,inf
17110,inf
17111,inf
17112,inf
17113,inf
17114,inf
17115,inf
17116,inf
17117,inf
17118,inf
17119,inf
17120,inf
17121,inf
17122,inf
17123,inf
17124,inf
17125,inf
17126,inf
17127,inf
17128,inf
17129,inf
17130,inf
17131,inf
17132,inf
17133,inf
17134,inf
17135,inf
17136,inf
17137,inf
17138,inf
17139,inf
17140,inf
17141,inf
17142,inf
17143,inf
17144,inf
17145,inf
17146,inf
17147,inf
17148,inf
17149,inf
17150,inf
17151,inf
17152,inf
17153,inf
17154,inf
17155,inf
17156,inf
17157,inf
17158,inf
17159,inf
17160,inf
17161,inf
17162,inf
17163,inf
17164,inf
17165,inf
17166,inf
17167,inf
17168,inf
17169,inf
17170,inf
17171,inf
17172,inf
17173,inf
17174,inf
17175,inf
17176,inf
17177,inf
17178,inf
17179,inf
17180,inf
17181,inf
17182,inf
17183,inf
17184,inf
17185,inf
17186,inf
17187,inf
17188,inf
17189,inf
17190,inf
17191,inf
17192,inf
17193,inf
17194,inf
17195,inf
17196,inf
17197,inf
17198,inf
17199,inf
17200,inf
17201,inf
17202,inf
17203,inf
17204,inf
17205,inf
17206,inf
17207,inf
17208,inf
17209,inf
17210,inf
17211,inf
17212,inf
17213,inf
17214,inf
17215,inf
17216,inf
17217,inf
17218,inf
17219,inf
17220,inf
17221,inf
17222,inf
17223,inf
17224,inf
17225,inf
17226,inf
17227,inf
17228,inf
17229,inf
17230,inf
17231,inf
17232,inf
17233,inf
17234,inf
17235,inf
17236,inf
17237,inf
17238,inf
17239,inf
17240,inf
17241,inf
17242,inf
17243,inf
17244,inf
17245,inf
17246,inf
17247,inf
17248,inf
17249,inf
17250,inf
17251,inf
17252,inf
17253,inf
17254,inf
17255,inf
17256,inf
17257,inf
17258,inf
17259,inf
17260,inf
17261,inf
17262,inf
17263,inf
17264,inf
17265,inf
17266,inf
17267,inf
17268,inf
17269,inf
17270,inf
17271,inf
17272,inf
17273,inf
17274,inf
17275,inf
17276,inf
17277,inf
17278,inf
17279,inf
17280,inf
17281,inf
17282,inf
17283,inf
17284,inf
17285,inf
17286,inf
17287,inf
17288,inf
17289,inf
17290,inf
17291,inf
17292,inf
17293,inf
17294,inf
17295,inf
17296,inf
17297,inf
17298,inf
17299,inf
17300,inf
17301,inf
17302,inf
17303,inf
17304,inf
17305,inf
17306,inf
17307,inf
17308,inf
17309,inf
17310,inf
17311,inf
17312,inf
17313,inf
17314,inf
17315,inf
17316,inf
17317,inf
17318,inf
17319,inf
17320,inf
17321,inf
17322,inf
17323,inf
17324,inf
17325,inf
17326,inf
17327,inf
17328,inf
17329,inf
17330,inf
17331,inf
17332,inf
17333,inf
17334,inf
17335,inf
17336,inf
17337,inf
17338,inf
17339,inf
17340,inf
17341,inf
17342,inf
17343,inf
17344,inf
17345,inf
17346,inf
17347,inf
17348,inf
17349,inf
17350,inf
17351,inf
17352,inf
17353,inf
17354,inf
17355,inf
17356,inf
17357,inf
17358,inf
17359,inf
17360,inf
17361,inf
17362,inf
17363,inf
17364,inf
17365,inf
17366,inf
17367,inf
17368,inf
17369,inf
17370,inf
17371,inf
17372,inf
17373,inf
17374,inf
17375,inf
17376,inf
17377,inf
17378,inf
17379,inf
17380,inf
17381,inf
17382,inf
17383,inf
17384,inf
17385,inf
17386,inf
17387,inf
17388,inf
17389,inf
17390,inf
17391,inf
17392,inf
17393,inf
17394,inf
17395,inf
17396,inf
17397,inf
17398,inf
17399,inf
17400,inf
17401,inf
17402,inf
17403,inf
17404,inf
17405,inf
17406,inf
17407,inf
17408,inf
17409,inf
17410,inf
17411,inf
17412,inf
17413,inf
17414,inf
17415,inf
17416,inf
17417,inf
17418,inf
17419,inf
17420,inf
17421,inf
17422,inf
17423,inf
17424,inf
17425,inf
17426,inf
17427,inf
17428,inf
17429,inf
17430,inf
17431,inf
17432,inf
17433,inf
17434,inf
17435,inf
17436,inf
17437,inf
17438,inf
17439,inf
17440,inf
17441,inf
17442,inf
17443,inf
17444,inf
17445,inf
17446,inf
17447,inf
17448,inf
17449,inf
17450,inf
17451,inf
17452,inf
17453,inf
17454,inf
17455,inf
17456,inf
17457,inf
17458,inf
17459,inf
17460,inf
17461,inf
17462,inf
17463,inf
17464,inf
17465,inf
17466,inf
17467,inf
17468,inf
17469,inf
17470,inf
17471,inf
17472,inf
17473,inf
17474,inf
17475,inf
17476,inf
17477,inf
17478,inf
17479,inf
17480,inf
17481,inf
17482,inf
17483,inf
17484,inf
17485,inf
17486,inf
17487,inf
17488,inf
17489,inf
17490,inf
17491,inf
17492,inf
17493,inf
17494,inf
17495,inf
17496,inf
17497,inf
17498,inf
17499,inf
17500,inf
17501,inf
17502,inf
17503,inf
17504,inf
17505,inf
17506,inf
17507,inf
17508,inf
17509,inf
17510,inf
17511,inf
17512,inf
17513,inf
17514,inf
17515,inf
17516,inf
17517,inf
17518,inf
17519,inf
17520,inf
17521,inf
17522,inf
17523,inf
17524,inf
17525,inf
17526,inf
17527,inf
17528,inf
17529,inf
17530,inf
17531,inf
17532,inf
17533,inf
17534,inf
17535,inf
17536,inf
17537,inf
17538,inf
17539,inf
17540,inf
17541,inf
17542,inf
17543,inf
17544,inf
17545,inf
17546,inf
17547,inf
17548,inf
17549,inf
17550,inf
17551,inf
17552,inf
17553,inf
17554,inf
17555,inf
17556,inf
17557,inf
17558,inf
17559,inf
17560,inf
17561,inf
17562,inf
17563,inf
17564,inf
17565,inf
17566,inf
17567,inf
17568,inf
17569,inf
17570,inf
17571,inf
17572,inf
17573,inf
17574,inf
17575,inf
17576,inf
17577,inf
17578,inf
17579,inf
17580,inf
17581,inf
17582,inf
17583,inf
17584,inf
17585,inf
17586,inf
17587,inf
17588,inf
17589,inf
17590,inf
17591,inf
17592,inf
17593,inf
17594,inf
17595,inf
17596,inf
17597,inf
17598,inf
17599,inf
17600,inf
17601,inf
17602,inf
17603,inf
17604,inf
17605,inf
17606,inf
17607,inf
17608,inf
17609,inf
17610,inf
17611,inf
17612,inf
17613,inf
17614,inf
17615,inf
17616,inf
17617,inf
17618,inf
17619,inf
17620,inf
17621,inf
17622,inf
17623,inf
17624,inf
17625,inf
17626,inf
17627,inf
17628,inf
17629,inf
17630,inf
17631,inf
17632,inf
17633,inf
17634,inf
17635,inf
17636,inf
17637,inf
17638,inf
17639,inf
17640,inf
17641,inf
17642,inf
17643,inf
17644,inf
17645,inf
17646,inf
17647,inf
17648,inf
17649,inf
17650,inf
17651,inf
17652,inf
17653,inf
17654,inf
17655,inf
17656,inf
17657,inf
17658,inf
17659,inf
17660,inf
17661,inf
17662,inf
17663,inf
17664,inf
17665,inf
17666,inf
17667,inf
17668,inf
17669,inf
17670,inf
17671,inf
17672,inf
17673,inf
17674,inf
17675,inf
17676,inf
17677,inf
17678,inf
17679,inf
17680,inf
17681,inf
17682,inf
17683,inf
17684,inf
17685,inf
17686,inf
17687,inf
17688,inf
17689,inf
17690,inf
17691,inf
17692,inf
17693,inf
17694,inf
17695,inf
17696,inf
17697,inf
17698,inf
17699,inf
17700,inf
17701,inf
17702,inf
17703,inf
17704,inf
17705,inf
17706,inf
17707,inf
17708,inf
17709,inf
17710,inf
17711,inf
17712,inf
17713,inf
17714,inf
17715,inf
17716,inf
17717,inf
17718,inf
17719,inf
17720,inf
17721,inf
17722,inf
17723,inf
17724,inf
17725,inf
17726,inf
17727,inf
17728,inf
17729,inf
17730,inf
17731,inf
17732,inf
17733,inf
17734,inf
17735,inf
17736,inf
17737,inf
17738,inf
17739,inf
17740,inf
17741,inf
17742,inf
17743,inf
17744,inf
17745,inf
17746,inf
17747,inf
17748,inf
17749,inf
17750,inf
17751,inf
17752,inf
17753,inf
17754,inf
17755,inf
17756,inf
17757,inf
17758,inf
17759,inf
17760,inf
17761,inf
17762,inf
17763,inf
17764,inf
17765,inf
17766,inf
17767,inf
17768,inf
17769,inf
17770,inf
17771,inf
17772,inf
17773,inf
17774,inf
17775,inf
17776,inf
17777,inf
17778,inf
17779,inf
17780,inf
17781,inf
17782,inf
17783,inf
17784,inf
17785,inf
17786,inf
17787,inf
17788,inf
17789,inf
17790,inf
17791,inf
17792,inf
17793,inf
17794,inf
17795,inf
17796,inf
17797,inf
17798,inf
17799,inf
17800,inf
17801,inf
17802,inf
17803,inf
17804,inf
17805,inf
17806,inf
17807,inf
17808,inf
17809,inf
17810,inf
17811,inf
17812,inf
17813,inf
17814,inf
17815,inf
17816,inf
17817,inf
17818,inf
17819,inf
17820,inf
17821,inf
17822,inf
17823,inf
17824,inf
17825,inf
17826,inf
17827,inf
17828,inf
17829,inf
17830,inf
17831,inf
17832,inf
17833,inf
17834,inf
17835,inf
17836,inf
17837,inf
17838,inf
17839,inf
17840,inf
17841,inf
17842,inf
17843,inf
17844,inf
17845,inf
17846,inf
17847,inf
17848,inf
17849,inf
17850,inf
17851,inf
17852,inf
17853,inf
17854,inf
17855,inf
17856,inf
17857,inf
17858,inf
17859,inf
17860,inf
17861,inf
17862,inf
17863,inf
17864,inf
17865,inf
17866,inf
17867,inf
17868,inf
17869,inf
17870,inf
17871,inf
17872,inf
17873,inf
17874,inf
17875,inf
17876,inf
17877,inf
17878,inf
17879,inf
17880,inf
17881,inf
17882,inf
17883,inf
17884,inf
17885,inf
17886,inf
17887,inf
17888,inf
17889,inf
17890,inf
17891,inf
17892,inf
17893,inf
17894,inf
17895,inf
17896,inf
17897,inf
17898,inf
17899,inf
17900,inf
17901,inf
17902,inf
17903,inf
17904,inf
17905,inf
17906,inf
17907,inf
17908,inf
17909,inf
17910,inf
17911,inf
17912,inf
17913,inf
17914,inf
17915,inf
17916,inf
17917,inf
17918,inf
17919,inf
17920,inf
17921,inf
17922,inf
17923,inf
17924,inf
17925,inf
17926,inf
17927,inf
17928,inf
17929,inf
17930,inf
17931,inf
17932,inf
17933,inf
17934,inf
17935,inf
17936,inf
17937,inf
17938,inf
17939,inf
17940,inf
17941,inf
17942,inf
17943,inf
17944,inf
17945,inf
17946,inf
17947,inf
17948,inf
17949,inf
17950,inf
17951,inf
17952,inf
17953,inf
17954,inf
17955,inf
17956,inf
17957,inf
17958,inf
17959,inf
17960,inf
17961,inf
17962,inf
17963,inf
17964,inf
17965,inf
17966,inf
17967,inf
17968,inf
17969,inf
17970,inf
17971,inf
17972,inf
17973,inf
17974,inf
17975,inf
17976,inf
17977,inf
17978,inf
17979,inf
17980,inf
17981,inf
17982,inf
17983,inf
17984,inf
17985,inf
17986,inf
17987,inf
17988,inf
17989,inf
17990,inf
17991,inf
17992,inf
17993,inf
17994,inf
17995,inf
17996,inf
17997,inf
17998,inf
17999,inf
18000,inf
18001,inf
18002,inf
18003,inf
18004,inf
18005,inf
18006,inf
18007,inf
18008,inf
18009,inf
18010,inf
18011,inf
18012,inf
18013,inf
18014,inf
18015,inf
18016,inf
18017,inf
18018,inf
18019,inf
18020,inf
18021,inf
18022,inf
18023,inf
18024,inf
18025,inf
18026,inf
18027,inf
18028,inf
18029,inf
18030,inf
18031,inf
18032,inf
18033,inf
18034,inf
18035,inf
18036,inf
18037,inf
18038,inf
18039,inf
18040,inf
18041,inf
18042,inf
18043,inf
18044,inf
18045,inf
18046,inf
18047,inf
18048,inf
18049,inf
18050,inf
18051,inf
18052,inf
18053,inf
18054,inf
18055,inf
18056,inf
18057,inf
18058,inf
18059,inf
18060,inf
18061,inf
18062,inf
18063,inf
18064,inf
18065,inf
18066,inf
18067,inf
18068,inf
18069,inf
18070,inf
18071,inf
18072,inf
18073,inf
18074,inf
18075,inf
18076,inf
18077,inf
18078,inf
18079,inf
18080,inf
18081,inf
18082,inf
18083,inf
18084,inf
18085,inf
18086,inf
18087,inf
18088,inf
18089,inf
18090,inf
18091,inf
18092,inf
18093,inf
18094,inf
18095,inf
18096,inf
18097,inf
18098,inf
18099,inf
18100,inf
18101,inf
18102,inf
18103,inf
18104,inf
18105,inf
18106,inf
18107,inf
18108,inf
18109,inf
18110,inf
18111,inf
18112,inf
18113,inf
18114,inf
18115,inf
18116,inf
18117,inf
18118,inf
18119,inf
18120,inf
18121,inf
18122,inf
18123,inf
18124,inf
18125,inf
18126,inf
18127,inf
18128,inf
18129,inf
18130,inf
18131,inf
18132,inf
18133,inf
18134,inf
18135,inf
18136,inf
18137,inf
18138,inf
18139,inf
18140,inf
18141,inf
18142,inf
18143,inf
18144,inf
18145,inf
18146,inf
18147,inf
18148,inf
18149,inf
18150,inf
18151,inf
18152,inf
18153,inf
18154,inf
18155,inf
18156,inf
18157,inf
18158,inf
18159,inf
18160,inf
18161,inf
18162,inf
18163,inf
18164,inf
18165,inf
18166,inf
18167,inf
18168,inf
18169,inf
18170,inf
18171,inf
18172,inf
18173,inf
18174,inf
18175,inf
18176,inf
18177,inf
18178,inf
18179,inf
18180,inf
18181,inf
18182,inf
18183,inf
18184,inf
18185,inf
18186,inf
18187,inf
18188,inf
18189,inf
18190,inf
18191,inf
18192,inf
18193,inf
18194,inf
18195,inf
18196,inf
18197,inf
18198,inf
18199,inf
18200,inf
18201,inf
18202,inf
18203,inf
18204,inf
18205,inf
18206,inf
18207,inf
18208,inf
18209,inf
18210,inf
18211,inf
18212,inf
18213,inf
18214,inf
18215,inf
18216,inf
18217,inf
18218,inf
18219,inf
18220,inf
18221,inf
18222,inf
18223,inf
18224,inf
18225,inf
18226,inf
18227,inf
18228,inf
18229,inf
18230,inf
18231,inf
18232,inf
18233,inf
18234,inf
18235,inf
18236,inf
18237,inf
18238,inf
18239,inf
18240,inf
18241,inf
18242,inf
18243,inf
18244,inf
18245,inf
18246,inf
18247,inf
18248,inf
18249,inf
18250,inf
18251,inf
18252,inf
18253,inf
18254,inf
18255,inf
18256,inf
18257,inf
18258,inf
18259,inf
18260,inf
18261,inf
18262,inf
18263,inf
18264,inf
18265,inf
18266,inf
18267,inf
18268,inf
18269,inf
18270,inf
18271,inf
18272,inf
18273,inf
18274,inf
18275,inf
18276,inf
18277,inf
18278,inf
18279,inf
18280,inf
18281,inf
18282,inf
18283,inf
18284,inf
18285,inf
18286,inf
18287,inf
18288,inf
18289,inf
18290,inf
18291,inf
18292,inf
18293,inf
18294,inf
18295,inf
18296,inf
18297,inf
18298,inf
18299,inf
18300,inf
18301,inf
18302,inf
18303,inf
18304,inf
18305,inf
18306,inf
18307,inf
18308,inf
18309,inf
18310,inf
18311,inf
18312,inf
18313,inf
18314,inf
18315,inf
18316,inf
18317,inf
18318,inf
18319,inf
18320,inf
18321,inf
18322,inf
18323,inf
18324,inf
18325,inf
18326,inf
18327,inf
18328,inf
18329,inf
18330,inf
18331,inf
18332,inf
18333,inf
18334,inf
18335,inf
18336,inf
18337,inf
18338,inf
18339,inf
18340,inf
18341,inf
18342,inf
18343,inf
18344,inf
18345,inf
18346,inf
18347,inf
18348,inf
18349,inf
18350,inf
18351,inf
18352,inf
18353,inf
18354,inf
18355,inf
18356,inf
18357,inf
18358,inf
18359,inf
18360,inf
18361,inf
18362,inf
18363,inf
18364,inf
18365,inf
18366,inf
18367,inf
18368,inf
18369,inf
18370,inf
18371,inf
18372,inf
18373,inf
18374,inf
18375,inf
18376,inf
18377,inf
18378,inf
18379,inf
18380,inf
18381,inf
18382,inf
18383,inf
18384,inf
18385,inf
18386,inf
18387,inf
18388,inf
18389,inf
18390,inf
18391,inf
18392,inf
18393,inf
18394,inf
18395,inf
18396,inf
18397,inf
18398,inf
18399,inf
18400,inf
18401,inf
18402,inf
18403,inf
18404,inf
18405,inf
18406,inf
18407,inf
18408,inf
18409,inf
18410,inf
18411,inf
18412,inf
18413,inf
18414,inf
18415,inf
18416,inf
18417,inf
18418,inf
18419,inf
18420,inf
18421,inf
18422,inf
18423,inf
18424,inf
18425,inf
18426,inf
18427,inf
18428,inf
18429,inf
18430,inf
18431,inf
18432,inf
18433,inf
18434,inf
18435,inf
18436,inf
18437,inf
18438,inf
18439,inf
18440,inf
18441,inf
18442,inf
18443,inf
18444,inf
18445,inf
18446,inf
18447,inf
18448,inf
18449,inf
18450,inf
18451,inf
18452,inf
18453,inf
18454,inf
18455,inf
18456,inf
18457,inf
18458,inf
18459,inf
18460,inf
18461,inf
18462,inf
18463,inf
18464,inf
18465,inf
18466,inf
18467,inf
18468,inf
18469,inf
18470,inf
18471,inf
18472,inf
18473,inf
18474,inf
18475,inf
18476,inf
18477,inf
18478,inf
18479,inf
18480,inf
18481,inf
18482,inf
18483,inf
18484,inf
18485,inf
18486,inf
18487,inf
18488,inf
18489,inf
18490,inf
18491,inf
18492,inf
18493,inf
18494,inf
18495,inf
18496,inf
18497,inf
18498,inf
18499,inf
18500,inf
18501,inf
18502,inf
18503,inf
18504,inf
18505,inf
18506,inf
18507,inf
18508,inf
18509,inf
18510,inf
18511,inf
18512,inf
18513,inf
18514,inf
18515,inf
18516,inf
18517,inf
18518,inf
18519,inf
18520,inf
18521,inf
18522,inf
18523,inf
18524,inf
18525,inf
18526,inf
18527,inf
18528,inf
18529,inf
18530,inf
18531,inf
18532,inf
18533,inf
18534,inf
18535,inf
18536,inf
18537,inf
18538,inf
18539,inf
18540,inf
18541,inf
18542,inf
18543,inf
18544,inf
18545,inf
18546,inf
18547,inf
18548,inf
18549,inf
18550,inf
18551,inf
18552,inf
18553,inf
18554,inf
18555,inf
18556,inf
18557,inf
18558,inf
18559,inf
18560,inf
18561,inf
18562,inf
18563,inf
18564,inf
18565,inf
18566,inf
18567,inf
18568,inf
18569,inf
18570,inf
18571,inf
18572,inf
18573,inf
18574,inf
18575,inf
18576,inf
18577,inf
18578,inf
18579,inf
18580,inf
18581,inf
18582,inf
18583,inf
18584,inf
18585,inf
18586,inf
18587,inf
18588,inf
18589,inf
18590,inf
18591,inf
18592,inf
18593,inf
18594,inf
18595,inf
18596,inf
18597,inf
18598,inf
18599,inf
18600,inf
18601,inf
18602,inf
18603,inf
18604,inf
18605,inf
18606,inf
18607,inf
18608,inf
18609,inf
18610,inf
18611,inf
18612,inf
18613,inf
18614,inf
18615,inf
18616,inf
18617,inf
18618,inf
18619,inf
18620,inf
18621,inf
18622,inf
18623,inf
18624,inf
18625,inf
18626,inf
18627,inf
18628,inf
18629,inf
18630,inf
18631,inf
18632,inf
18633,inf
18634,inf
18635,inf
18636,inf
18637,inf
18638,inf
18639,inf
18640,inf
18641,inf
18642,inf
18643,inf
18644,inf
18645,inf
18646,inf
18647,inf
18648,inf
18649,inf
18650,inf
18651,inf
18652,inf
18653,inf
18654,inf
18655,inf
18656,inf
18657,inf
18658,inf
18659,inf
18660,inf
18661,inf
18662,inf
18663,inf
18664,inf
18665,inf
18666,inf
18667,inf
18668,inf
18669,inf
18670,inf
18671,inf
18672,inf
18673,inf
18674,inf
18675,inf
18676,inf
18677,inf
18678,inf
18679,inf
18680,inf
18681,inf
18682,inf
18683,inf
18684,inf
18685,inf
18686,inf
18687,inf
18688,inf
18689,inf
18690,inf
18691,inf
18692,inf
18693,inf
18694,inf
18695,inf
18696,inf
18697,inf
18698,inf
18699,inf
18700,inf
18701,inf
18702,inf
18703,inf
18704,inf
18705,inf
18706,inf
18707,inf
18708,inf
18709,inf
18710,inf
18711,inf
18712,inf
18713,inf
18714,inf
18715,inf
18716,inf
18717,inf
18718,inf
18719,inf
18720,inf
18721,inf
18722,inf
18723,inf
18724,inf
18725,inf
18726,inf
18727,inf
18728,inf
18729,inf
18730,inf
18731,inf
18732,inf
18733,inf
18734,inf
18735,inf
18736,inf
18737,inf
18738,inf
18739,inf
18740,inf
18741,inf
18742,inf
18743,inf
18744,inf
18745,inf
18746,inf
18747,inf
18748,inf
18749,inf
18750,inf
18751,inf
18752,inf
18753,inf
18754,inf
18755,inf
18756,inf
18757,inf
18758,inf
18759,inf
18760,inf
18761,inf
18762,inf
18763,inf
18764,inf
18765,inf
18766,inf
18767,inf
18768,inf
18769,inf
18770,inf
18771,inf
18772,inf
18773,inf
18774,inf
18775,inf
18776,inf
18777,inf
18778,inf
18779,inf
18780,inf
18781,inf
18782,inf
18783,inf
18784,inf
18785,inf
18786,inf
18787,inf
18788,inf
18789,inf
18790,inf
18791,inf
18792,inf
18793,inf
18794,inf
18795,inf
18796,inf
18797,inf
18798,inf
18799,inf
18800,inf
18801,inf
18802,inf
18803,inf
18804,inf
18805,inf
18806,inf
18807,inf
18808,inf
18809,inf
18810,inf
18811,inf
18812,inf
18813,inf
18814,inf
18815,inf
18816,inf
18817,inf
18818,inf
18819,inf
18820,inf
18821,inf
18822,inf
18823,inf
18824,inf
18825,inf
18826,inf
18827,inf
18828,inf
18829,inf
18830,inf
18831,inf
18832,inf
18833,inf
18834,inf
18835,inf
18836,inf
18837,inf
18838,inf
18839,inf
18840,inf
18841,inf
18842,inf
18843,inf
18844,inf
18845,inf
18846,inf
18847,inf
18848,inf
18849,inf
18850,inf
18851,inf
18852,inf
18853,inf
18854,inf
18855,inf
18856,inf
18857,inf
18858,inf
18859,inf
18860,inf
18861,inf
18862,inf
18863,inf
18864,inf
18865,inf
18866,inf
18867,inf
18868,inf
18869,inf
18870,inf
18871,inf
18872,inf
18873,inf
18874,inf
18875,inf
18876,inf
18877,inf
18878,inf
18879,inf
18880,inf
18881,inf
18882,inf
18883,inf
18884,inf
18885,inf
18886,inf
18887,inf
18888,inf
18889,inf
18890,inf
18891,inf
18892,inf
18893,inf
18894,inf
18895,inf
18896,inf
18897,inf
18898,inf
18899,inf
18900,inf
18901,inf
18902,inf
18903,inf
18904,inf
18905,inf
18906,inf
18907,inf
18908,inf
18909,inf
18910,inf
18911,inf
18912,inf
18913,inf
18914,inf
18915,inf
18916,inf
18917,inf
18918,inf
18919,inf
18920,inf
18921,inf
18922,inf
18923,inf
18924,inf
18925,inf
18926,inf
18927,inf
18928,inf
18929,inf
18930,inf
18931,inf
18932,inf
18933,inf
18934,inf
18935,inf
18936,inf
18937,inf
18938,inf
18939,inf
18940,inf
18941,inf
18942,inf
18943,inf
18944,inf
18945,inf
18946,inf
18947,inf
18948,inf
18949,inf
18950,inf
18951,inf
18952,inf
18953,inf
18954,inf
18955,inf
18956,inf
18957,inf
18958,inf
18959,inf
18960,inf
18961,inf
18962,inf
18963,inf
18964,inf
18965,inf
18966,inf
18967,inf
18968,inf
18969,inf
18970,inf
18971,inf
18972,inf
18973,inf
18974,inf
18975,inf
18976,inf
18977,inf
18978,inf
18979,inf
18980,inf
18981,inf
18982,inf
18983,inf
18984,inf
18985,inf
18986,inf
18987,inf
18988,inf
18989,inf
18990,inf
18991,inf
18992,inf
18993,inf
18994,inf
18995,inf
18996,inf
18997,inf
18998,inf
18999,inf
19000,inf
19001,inf
19002,inf
19003,inf
19004,inf
19005,inf
19006,inf
19007,inf
19008,inf
19009,inf
19010,inf
19011,inf
19012,inf
19013,inf
19014,inf
19015,inf
19016,inf
19017,inf
19018,inf
19019,inf
19020,inf
19021,inf
19022,inf
19023,inf
19024,inf
19025,inf
19026,inf
19027,inf
19028,inf
19029,inf
19030,inf
19031,inf
19032,inf
19033,inf
19034,inf
19035,inf
19036,inf
19037,inf
19038,inf
19039,inf
19040,inf
19041,inf
19042,inf
19043,inf
19044,inf
19045,inf
19046,inf
19047,inf
19048,inf
19049,inf
19050,inf
19051,inf
19052,inf
19053,inf
19054,inf
19055,inf
19056,inf
19057,inf
19058,inf
19059,inf
19060,inf
19061,inf
19062,inf
19063,inf
19064,inf
19065,inf
19066,inf
19067,inf
19068,inf
19069,inf
19070,inf
19071,inf
19072,inf
19073,inf
19074,inf
19075,inf
19076,inf
19077,inf
19078,inf
19079,inf
19080,inf
19081,inf
19082,inf
19083,inf
19084,inf
19085,inf
19086,inf
19087,inf
19088,inf
19089,inf
19090,inf
19091,inf
19092,inf
19093,inf
19094,inf
19095,inf
19096,inf
19097,inf
19098,inf
19099,inf
19100,inf
19101,inf
19102,inf
19103,inf
19104,inf
19105,inf
19106,inf
19107,inf
19108,inf
19109,inf
19110,inf
19111,inf
19112,inf
19113,inf
19114,inf
19115,inf
19116,inf
19117,inf
19118,inf
19119,inf
19120,inf
19121,inf
19122,inf
19123,inf
19124,inf
19125,inf
19126,inf
19127,inf
19128,inf
19129,inf
19130,inf
19131,inf
19132,inf
19133,inf
19134,inf
19135,inf
19136,inf
19137,inf
19138,inf
19139,inf
19140,inf
19141,inf
19142,inf
19143,inf
19144,inf
19145,inf
19146,inf
19147,inf
19148,inf
19149,inf
19150,inf
19151,inf
19152,inf
19153,inf
19154,inf
19155,inf
19156,inf
19157,inf
19158,inf
19159,inf
19160,inf
19161,inf
19162,inf
19163,inf
19164,inf
19165,inf
19166,inf
19167,inf
19168,inf
19169,inf
19170,inf
19171,inf
19172,inf
19173,inf
19174,inf
19175,inf
19176,inf
19177,inf
19178,inf
19179,inf
19180,inf
19181,inf
19182,inf
19183,inf
19184,inf
19185,inf
19186,inf
19187,inf
19188,inf
19189,inf
19190,inf
19191,inf
19192,inf
19193,inf
19194,inf
19195,inf
19196,inf
19197,inf
19198,inf
19199,inf
19200,inf
19201,inf
19202,inf
19203,inf
19204,inf
19205,inf
19206,inf
19207,inf
19208,inf
19209,inf
19210,inf
19211,inf
19212,inf
19213,inf
19214,inf
19215,inf
19216,inf
19217,inf
19218,inf
19219,inf
19220,inf
19221,inf
19222,inf
19223,inf
19224,inf
19225,inf
19226,inf
19227,inf
19228,inf
19229,inf
19230,inf
19231,inf
19232,inf
19233,inf
19234,inf
19235,inf
19236,inf
19237,inf
19238,inf
19239,inf
19240,inf
19241,inf
19242,inf
19243,inf
19244,inf
19245,inf
19246,inf
19247,inf
19248,inf
19249,inf
19250,inf
19251,inf
19252,inf
19253,inf
19254,inf
19255,inf
19256,inf
19257,inf
19258,inf
19259,inf
19260,inf
19261,inf
19262,inf
19263,inf
19264,inf
19265,inf
19266,inf
19267,inf
19268,inf
19269,inf
19270,inf
19271,inf
19272,inf
19273,inf
19274,inf
19275,inf
19276,inf
19277,inf
19278,inf
19279,inf
19280,inf
19281,inf
19282,inf
19283,inf
19284,inf
19285,inf
19286,inf
19287,inf
19288,inf
19289,inf
19290,inf
19291,inf
19292,inf
19293,inf
19294,inf
19295,inf
19296,inf
19297,inf
19298,inf
19299,inf
19300,inf
19301,inf
19302,inf
19303,inf
19304,inf
19305,inf
19306,inf
19307,inf
19308,inf
19309,inf
19310,inf
19311,inf
19312,inf
19313,inf
19314,inf
19315,inf
19316,inf
19317,inf
19318,inf
19319,inf
19320,inf
19321,inf
19322,inf
19323,inf
19324,inf
19325,inf
19326,inf
19327,inf
19328,inf
19329,inf
19330,inf
19331,inf
19332,inf
19333,inf
19334,inf
19335,inf
19336,inf
19337,inf
19338,inf
19339,inf
19340,inf
19341,inf
19342,inf
19343,inf
19344,inf
19345,inf
19346,inf
19347,inf
19348,inf
19349,inf
19350,inf
19351,inf
19352,inf
19353,inf
19354,inf
19355,inf
19356,inf
19357,inf
19358,inf
19359,inf
19360,inf
19361,inf
19362,inf
19363,inf
19364,inf
19365,inf
19366,inf
19367,inf
19368,inf
19369,inf
19370,inf
19371,inf
19372,inf
19373,inf
19374,inf
19375,inf
19376,inf
19377,inf
19378,inf
19379,inf
19380,inf
19381,inf
19382,inf
19383,inf
19384,inf
19385,inf
19386,inf
19387,inf
19388,inf
19389,inf
19390,inf
19391,inf
19392,inf
19393,inf
19394,inf
19395,inf
19396,inf
19397,inf
19398,inf
19399,inf
19400,inf
19401,inf
19402,inf
19403,inf
19404,inf
19405,inf
19406,inf
19407,inf
19408,inf
19409,inf
19410,inf
19411,inf
19412,inf
19413,inf
19414,inf
19415,inf
19416,inf
19417,inf
19418,inf
19419,inf
19420,inf
19421,inf
19422,inf
19423,inf
19424,inf
19425,inf
19426,inf
19427,inf
19428,inf
19429,inf
19430,inf
19431,inf
19432,inf
19433,inf
19434,inf
19435,inf
19436,inf
19437,inf
19438,inf
19439,inf
19440,inf
19441,inf
19442,inf
19443,inf
19444,inf
19445,inf
19446,inf
19447,inf
19448,inf
19449,inf
19450,inf
19451,inf
19452,inf
19453,inf
19454,inf
19455,inf
19456,inf
19457,inf
19458,inf
19459,inf
19460,inf
19461,inf
19462,inf
19463,inf
19464,inf
19465,inf
19466,inf
19467,inf
19468,inf
19469,inf
19470,inf
19471,inf
19472,inf
19473,inf
19474,inf
19475,inf
19476,inf
19477,inf
19478,inf
19479,inf
19480,inf
19481,inf
19482,inf
19483,inf
19484,inf
19485,inf
19486,inf
19487,inf
19488,inf
19489,inf
19490,inf
19491,inf
19492,inf
19493,inf
19494,inf
19495,inf
19496,inf
19497,inf
19498,inf
19499,inf
19500,inf
19501,inf
19502,inf
19503,inf
19504,inf
19505,inf
19506,inf
19507,inf
19508,inf
19509,inf
19510,inf
19511,inf
19512,inf
19513,inf
19514,inf
19515,inf
19516,inf
19517,inf
19518,inf
19519,inf
19520,inf
19521,inf
19522,inf
19523,inf
19524,inf
19525,inf
19526,inf
19527,inf
19528,inf
19529,inf
19530,inf
19531,inf
19532,inf
19533,inf
19534,inf
19535,inf
19536,inf
19537,inf
19538,inf
19539,inf
19540,inf
19541,inf
19542,inf
19543,inf
19544,inf
19545,inf
19546,inf
19547,inf
19548,inf
19549,inf
19550,inf
19551,inf
19552,inf
19553,inf
19554,inf
19555,inf
19556,inf
19557,inf
19558,inf
19559,inf
19560,inf
19561,inf
19562,inf
19563,inf
19564,inf
19565,inf
19566,inf
19567,inf
19568,inf
19569,inf
19570,inf
19571,inf
19572,inf
19573,inf
19574,inf
19575,inf
19576,inf
19577,inf
19578,inf
19579,inf
19580,inf
19581,inf
19582,inf
19583,inf
19584,inf
19585,inf
19586,inf
19587,inf
19588,inf
19589,inf
19590,inf
19591,inf
19592,inf
19593,inf
19594,inf
19595,inf
19596,inf
19597,inf
19598,inf
19599,inf
19600,inf
19601,inf
19602,inf
19603,inf
19604,inf
19605,inf
19606,inf
19607,inf
19608,inf
19609,inf
19610,inf
19611,inf
19612,inf
19613,inf
19614,inf
19615,inf
19616,inf
19617,inf
19618,inf
19619,inf
19620,inf
19621,inf
19622,inf
19623,inf
19624,inf
19625,inf
19626,inf
19627,inf
19628,inf
19629,inf
19630,inf
19631,inf
19632,inf
19633,inf
19634,inf
19635,inf
19636,inf
19637,inf
19638,inf
19639,inf
19640,inf
19641,inf
19642,inf
19643,inf
19644,inf
19645,inf
19646,inf
19647,inf
19648,inf
19649,inf
19650,inf
19651,inf
19652,inf
19653,inf
19654,inf
19655,inf
19656,inf
19657,inf
19658,inf
19659,inf
19660,inf
19661,inf
19662,inf
19663,inf
19664,inf
19665,inf
19666,inf
19667,inf
19668,inf
19669,inf
19670,inf
19671,inf
19672,inf
19673,inf
19674,inf
19675,inf
19676,inf
19677,inf
19678,inf
19679,inf
19680,inf
19681,inf
19682,inf
19683,inf
19684,inf
19685,inf
19686,inf
19687,inf
19688,inf
19689,inf
19690,inf
19691,inf
19692,inf
19693,inf
19694,inf
19695,inf
19696,inf
19697,inf
19698,inf
19699,inf
19700,inf
19701,inf
19702,inf
19703,inf
19704,inf
19705,inf
19706,inf
19707,inf
19708,inf
19709,inf
19710,inf
19711,inf
19712,inf
19713,inf
19714,inf
19715,inf
19716,inf
19717,inf
19718,inf
19719,inf
19720,inf
19721,inf
19722,inf
19723,inf
19724,inf
19725,inf
19726,inf
19727,inf
19728,inf
19729,inf
19730,inf
19731,inf
19732,inf
19733,inf
19734,inf
19735,inf
19736,inf
19737,inf
19738,inf
19739,inf
19740,inf
19741,inf
19742,inf
19743,inf
19744,inf
19745,inf
19746,inf
19747,inf
19748,inf
19749,inf
19750,inf
19751,inf
19752,inf
19753,inf
19754,inf
19755,inf
19756,inf
19757,inf
19758,inf
19759,inf
19760,inf
19761,inf
19762,inf
19763,inf
19764,inf
19765,inf
19766,inf
19767,inf
19768,inf
19769,inf
19770,inf
19771,inf
19772,inf
19773,inf
19774,inf
19775,inf
19776,inf
19777,inf
19778,inf
19779,inf
19780,inf
19781,inf
19782,inf
19783,inf
19784,inf
19785,inf
19786,inf
19787,inf
19788,inf
19789,inf
19790,inf
19791,inf
19792,inf
19793,inf
19794,inf
19795,inf
19796,inf
19797,inf
19798,inf
19799,inf
19800,inf
19801,inf
19802,inf
19803,inf
19804,inf
19805,inf
19806,inf
19807,inf
19808,inf
19809,inf
19810,inf
19811,inf
19812,inf
19813,inf
19814,inf
19815,inf
19816,inf
19817,inf
19818,inf
19819,inf
19820,inf
19821,inf
19822,inf
19823,inf
19824,inf
19825,inf
19826,inf
19827,inf
19828,inf
19829,inf
19830,inf
19831,inf
19832,inf
19833,inf
19834,inf
19835,inf
19836,inf
19837,inf
19838,inf
19839,inf
19840,inf
19841,inf
19842,inf
19843,inf
19844,inf
19845,inf
19846,inf
19847,inf
19848,inf
19849,inf
19850,inf
19851,inf
19852,inf
19853,inf
19854,inf
19855,inf
19856,inf
19857,inf
19858,inf
19859,inf
19860,inf
19861,inf
19862,inf
19863,inf
19864,inf
19865,inf
19866,inf
19867,inf
19868,inf
19869,inf
19870,inf
19871,inf
19872,inf
19873,inf
19874,inf
19875,inf
19876,inf
19877,inf
19878,inf
19879,inf
19880,inf
19881,inf
19882,inf
19883,inf
19884,inf
19885,inf
19886,inf
19887,inf
19888,inf
19889,inf
19890,inf
19891,inf
19892,inf
19893,inf
19894,inf
19895,inf
19896,inf
19897,inf
19898,inf
19899,inf
19900,inf
19901,inf
19902,inf
19903,inf
19904,inf
19905,inf
19906,inf
19907,inf
19908,inf
19909,inf
19910,inf
19911,inf
19912,inf
19913,inf
19914,inf
19915,inf
19916,inf
19917,inf
19918,inf
19919,inf
19920,inf
19921,inf
19922,inf
19923,inf
19924,inf
19925,inf
19926,inf
19927,inf
19928,inf
19929,inf
19930,inf
19931,inf
19932,inf
19933,inf
19934,inf
19935,inf
19936,inf
19937,inf
19938,inf
19939,inf
19940,inf
19941,inf
19942,inf
19943,inf
19944,inf
19945,inf
19946,inf
19947,inf
19948,inf
19949,inf
19950,inf
19951,inf
19952,inf
19953,inf
19954,inf
19955,inf
19956,inf
19957,inf
19958,inf
19959,inf
19960,inf
19961,inf
19962,inf
19963,inf
19964,inf
19965,inf
19966,inf
19967,inf
19968,inf
19969,inf
19970,inf
19971,inf
19972,inf
19973,inf
19974,inf
19975,inf
19976,inf
19977,inf
19978,inf
19979,inf
19980,inf
19981,inf
19982,inf
19983,inf
19984,inf
19985,inf
19986,inf
19987,inf
19988,inf
19989,inf
19990,inf
19991,inf
19992,inf
19993,inf
19994,inf
19995,inf
19996,inf
19997,inf
19998,inf
19999,inf
20000,inf
20001,inf
20002,inf
20003,inf
20004,inf
20005,inf
20006,inf
20007,inf
20008,inf
20009,inf
20010,inf
20011,inf
20012,inf
20013,inf
20014,inf
20015,inf
20016,inf
20017,inf
20018,inf
20019,inf
20020,inf
20021,inf
20022,inf
20023,inf
20024,inf
20025,inf
20026,inf
20027,inf
20028,inf
20029,inf
20030,inf
20031,inf
20032,inf
20033,inf
20034,inf
20035,inf
20036,inf
20037,inf
20038,inf
20039,inf
20040,inf
20041,inf
20042,inf
20043,inf
20044,inf
20045,inf
20046,inf
20047,inf
20048,inf
20049,inf
20050,inf
20051,inf
20052,inf
20053,inf
20054,inf
20055,inf
20056,inf
20057,inf
20058,inf
20059,inf
20060,inf
20061,inf
20062,inf
20063,inf
20064,inf
20065,inf
20066,inf
20067,inf
20068,inf
20069,inf
20070,inf
20071,inf
20072,inf
20073,inf
20074,inf
20075,inf
20076,inf
20077,inf
20078,inf
20079,inf
20080,inf
20081,inf
20082,inf
20083,inf
20084,inf
20085,inf
20086,inf
20087,inf
20088,inf
20089,inf
20090,inf
20091,inf
20092,inf
20093,inf
20094,inf
20095,inf
20096,inf
20097,inf
20098,inf
20099,inf
20100,inf
20101,inf
20102,inf
20103,inf
20104,inf
20105,inf
20106,inf
20107,inf
20108,inf
20109,inf
20110,inf
20111,inf
20112,inf
20113,inf
20114,inf
20115,inf
20116,inf
20117,inf
20118,inf
20119,inf
20120,inf
20121,inf
20122,inf
20123,inf
20124,inf
20125,inf
20126,inf
20127,inf
20128,inf
20129,inf
20130,inf
20131,inf
20132,inf
20133,inf
20134,inf
20135,inf
20136,inf
20137,inf
20138,inf
20139,inf
20140,inf
20141,inf
20142,inf
20143,inf
20144,inf
20145,inf
20146,inf
20147,inf
20148,inf
20149,inf
20150,inf
20151,inf
20152,inf
20153,inf
20154,inf
20155,inf
20156,inf
20157,inf
20158,inf
20159,inf
20160,inf
20161,inf
20162,inf
20163,inf
20164,inf
20165,inf
20166,inf
20167,inf
20168,inf
20169,inf
20170,inf
20171,inf
20172,inf
20173,inf
20174,inf
20175,inf
20176,inf
20177,inf
20178,inf
20179,inf
20180,inf
20181,inf
20182,inf
20183,inf
20184,inf
20185,inf
20186,inf
20187,inf
20188,inf
20189,inf
20190,inf
20191,inf
20192,inf
20193,inf
20194,inf
20195,inf
20196,inf
20197,inf
20198,inf
20199,inf
20200,inf
20201,inf
20202,inf
20203,inf
20204,inf
20205,inf
20206,inf
20207,inf
20208,inf
20209,inf
20210,inf
20211,inf
20212,inf
20213,inf
20214,inf
20215,inf
20216,inf
20217,inf
20218,inf
20219,inf
20220,inf
20221,inf
20222,inf
20223,inf
20224,inf
20225,inf
20226,inf
20227,inf
20228,inf
20229,inf
20230,inf
20231,inf
20232,inf
20233,inf
20234,inf
20235,inf
20236,inf
20237,inf
20238,inf
20239,inf
20240,inf
20241,inf
20242,inf
20243,inf
20244,inf
20245,inf
20246,inf
20247,inf
20248,inf
20249,inf
20250,inf
20251,inf
20252,inf
20253,inf
20254,inf
20255,inf
20256,inf
20257,inf
20258,inf
20259,inf
20260,inf
20261,inf
20262,inf
20263,inf
20264,inf
20265,inf
20266,inf
20267,inf
20268,inf
20269,inf
20270,inf
20271,inf
20272,inf
20273,inf
20274,inf
20275,inf
20276,inf
20277,inf
20278,inf
20279,inf
20280,inf
20281,inf
20282,inf
20283,inf
20284,inf
20285,inf
20286,inf
20287,inf
20288,inf
20289,inf
20290,inf
20291,inf
20292,inf
20293,inf
20294,inf
20295,inf
20296,inf
20297,inf
20298,inf
20299,inf
20300,inf
20301,inf
20302,inf
20303,inf
20304,inf
20305,inf
20306,inf
20307,inf
20308,inf
20309,inf
20310,inf
20311,inf
20312,inf
20313,inf
20314,inf
20315,inf
20316,inf
20317,inf
20318,inf
20319,inf
20320,inf
20321,inf
20322,inf
20323,inf
20324,inf
20325,inf
20326,inf
20327,inf
20328,inf
20329,inf
20330,inf
20331,inf
20332,inf
20333,inf
20334,inf
20335,inf
20336,inf
20337,inf
20338,inf
20339,inf
20340,inf
20341,inf
20342,inf
20343,inf
20344,inf
20345,inf
20346,inf
20347,inf
20348,inf
20349,inf
20350,inf
20351,inf
20352,inf
20353,inf
20354,inf
20355,inf
20356,inf
20357,inf
20358,inf
20359,inf
20360,inf
20361,inf
20362,inf
20363,inf
20364,inf
20365,inf
20366,inf
20367,inf
20368,inf
20369,inf
20370,inf
20371,inf
20372,inf
20373,inf
20374,inf
20375,inf
20376,inf
20377,inf
20378,inf
20379,inf
20380,inf
20381,inf
20382,inf
20383,inf
20384,inf
20385,inf
20386,inf
20387,inf
20388,inf
20389,inf
20390,inf
20391,inf
20392,inf
20393,inf
20394,inf
20395,inf
20396,inf
20397,inf
20398,inf
20399,inf
20400,inf
20401,inf
20402,inf
20403,inf
20404,inf
20405,inf
20406,inf
20407,inf
20408,inf
20409,inf
20410,inf
20411,inf
20412,inf
20413,inf
20414,inf
20415,inf
20416,inf
20417,inf
20418,inf
20419,inf
20420,inf
20421,inf
20422,inf
20423,inf
20424,inf
20425,inf
20426,inf
20427,inf
20428,inf
20429,inf
20430,inf
20431,inf
20432,inf
20433,inf
20434,inf
20435,inf
20436,inf
20437,inf
20438,inf
20439,inf
20440,inf
20441,inf
20442,inf
20443,inf
20444,inf
20445,inf
20446,inf
20447,inf
20448,inf
20449,inf
20450,inf
20451,inf
20452,inf
20453,inf
20454,inf
20455,inf
20456,inf
20457,inf
20458,inf
20459,inf
20460,inf
20461,inf
20462,inf
20463,inf
20464,inf
20465,inf
20466,inf
20467,inf
20468,inf
20469,inf
20470,inf
20471,inf
20472,inf
20473,inf
20474,inf
20475,inf
20476,inf
20477,inf
20478,inf
20479,inf
20480,inf
20481,inf
20482,inf
20483,inf
20484,inf
20485,inf
20486,inf
20487,inf
20488,inf
20489,inf
20490,inf
20491,inf
20492,inf
20493,inf
20494,inf
20495,inf
20496,inf
20497,inf
20498,inf
20499,inf
20500,inf
20501,inf
20502,inf
20503,inf
20504,inf
20505,inf
20506,inf
20507,inf
20508,inf
20509,inf
20510,inf
20511,inf
20512,inf
20513,inf
20514,inf
20515,inf
20516,inf
20517,inf
20518,inf
20519,inf
20520,inf
20521,inf
20522,inf
20523,inf
20524,inf
20525,inf
20526,inf
20527,inf
20528,inf
20529,inf
20530,inf
20531,inf
20532,inf
20533,inf
20534,inf
20535,inf
20536,inf
20537,inf
20538,inf
20539,inf
20540,inf
20541,inf
20542,inf
20543,inf
20544,inf
20545,inf
20546,inf
20547,inf
20548,inf
20549,inf
20550,inf
20551,inf
20552,inf
20553,inf
20554,inf
20555,inf
20556,inf
20557,inf
20558,inf
20559,inf
20560,inf
20561,inf
20562,inf
20563,inf
20564,inf
20565,inf
20566,inf
20567,inf
20568,inf
20569,inf
20570,inf
20571,inf
20572,inf
20573,inf
20574,inf
20575,inf
20576,inf
20577,inf
20578,inf
20579,inf
20580,inf
20581,inf
20582,inf
20583,inf
20584,inf
20585,inf
20586,inf
20587,inf
20588,inf
20589,inf
20590,inf
20591,inf
20592,inf
20593,inf
20594,inf
20595,inf
20596,inf
20597,inf
20598,inf
20599,inf
20600,inf
20601,inf
20602,inf
20603,inf
20604,inf
20605,inf
20606,inf
20607,inf
20608,inf
20609,inf
20610,inf
20611,inf
20612,inf
20613,inf
20614,inf
20615,inf
20616,inf
20617,inf
20618,inf
20619,inf
20620,inf
20621,inf
20622,inf
20623,inf
20624,inf
20625,inf
20626,inf
20627,inf
20628,inf
20629,inf
20630,inf
20631,inf
20632,inf
20633,inf
20634,inf
20635,inf
20636,inf
20637,inf
20638,inf
20639,inf
20640,inf
20641,inf
20642,inf
20643,inf
20644,inf
20645,inf
20646,inf
20647,inf
20648,inf
20649,inf
20650,inf
20651,inf
20652,inf
20653,inf
20654,inf
20655,inf
20656,inf
20657,inf
20658,inf
20659,inf
20660,inf
20661,inf
20662,inf
20663,inf
20664,inf
20665,inf
20666,inf
20667,inf
20668,inf
20669,inf
20670,inf
20671,inf
20672,inf
20673,inf
20674,inf
20675,inf
20676,inf
20677,inf
20678,inf
20679,inf
20680,inf
20681,inf
20682,inf
20683,inf
20684,inf
20685,inf
20686,inf
20687,inf
20688,inf
20689,inf
20690,inf
20691,inf
20692,inf
20693,inf
20694,inf
20695,inf
20696,inf
20697,inf
20698,inf
20699,inf
20700,inf
20701,inf
20702,inf
20703,inf
20704,inf
20705,inf
20706,inf
20707,inf
20708,inf
20709,inf
20710,inf
20711,inf
20712,inf
20713,inf
20714,inf
20715,inf
20716,inf
20717,inf
20718,inf
20719,inf
20720,inf
20721,inf
20722,inf
20723,inf
20724,inf
20725,inf
20726,inf
20727,inf
20728,inf
20729,inf
20730,inf
20731,inf
20732,inf
20733,inf
20734,inf
20735,inf
20736,inf
20737,inf
20738,inf
20739,inf
20740,inf
20741,inf
20742,inf
20743,inf
20744,inf
20745,inf
20746,inf
20747,inf
20748,inf
20749,inf
20750,inf
20751,inf
20752,inf
20753,inf
20754,inf
20755,inf
20756,inf
20757,inf
20758,inf
20759,inf
20760,inf
20761,inf
20762,inf
20763,inf
20764,inf
20765,inf
20766,inf
20767,inf
20768,inf
20769,inf
20770,inf
20771,inf
20772,inf
20773,inf
20774,inf
20775,inf
20776,inf
20777,inf
20778,inf
20779,inf
20780,inf
20781,inf
20782,inf
20783,inf
20784,inf
20785,inf
20786,inf
20787,inf
20788,inf
20789,inf
20790,inf
20791,inf
20792,inf
20793,inf
20794,inf
20795,inf
20796,inf
20797,inf
20798,inf
20799,inf
20800,inf
20801,inf
20802,inf
20803,inf
20804,inf
20805,inf
20806,inf
20807,inf
20808,inf
20809,inf
20810,inf
20811,inf
20812,inf
20813,inf
20814,inf
20815,inf
20816,inf
20817,inf
20818,inf
20819,inf
20820,inf
20821,inf
20822,inf
20823,inf
20824,inf
20825,inf
20826,inf
20827,inf
20828,inf
20829,inf
20830,inf
20831,inf
20832,inf
20833,inf
20834,inf
20835,inf
20836,inf
20837,inf
20838,inf
20839,inf
20840,inf
20841,inf
20842,inf
20843,inf
20844,inf
20845,inf
20846,inf
20847,inf
20848,inf
20849,inf
20850,inf
20851,inf
20852,inf
20853,inf
20854,inf
20855,inf
20856,inf
20857,inf
20858,inf
20859,inf
20860,inf
20861,inf
20862,inf
20863,inf
20864,inf
20865,inf
20866,inf
20867,inf
20868,inf
20869,inf
20870,inf
20871,inf
20872,inf
20873,inf
20874,inf
20875,inf
20876,inf
20877,inf
20878,inf
20879,inf
20880,inf
20881,inf
20882,inf
20883,inf
20884,inf
20885,inf
20886,inf
20887,inf
20888,inf
20889,inf
20890,inf
20891,inf
20892,inf
20893,inf
20894,inf
20895,inf
20896,inf
20897,inf
20898,inf
20899,inf
20900,inf
20901,inf
20902,inf
20903,inf
20904,inf
20905,inf
20906,inf
20907,inf
20908,inf
20909,inf
20910,inf
20911,inf
20912,inf
20913,inf
20914,inf
20915,inf
20916,inf
20917,inf
20918,inf
20919,inf
20920,inf
20921,inf
20922,inf
20923,inf
20924,inf
20925,inf
20926,inf
20927,inf
20928,inf
20929,inf
20930,inf
20931,inf
20932,inf
20933,inf
20934,inf
20935,inf
20936,inf
20937,inf
20938,inf
20939,inf
20940,inf
20941,inf
20942,inf
20943,inf
20944,inf
20945,inf
20946,inf
20947,inf
20948,inf
20949,inf
20950,inf
20951,inf
20952,inf
20953,inf
20954,inf
20955,inf
20956,inf
20957,inf
20958,inf
20959,inf
20960,inf
20961,inf
20962,inf
20963,inf
20964,inf
20965,inf
20966,inf
20967,inf
20968,inf
20969,inf
20970,inf
20971,inf
20972,inf
20973,inf
20974,inf
20975,inf
20976,inf
20977,inf
20978,inf
20979,inf
20980,inf
20981,inf
20982,inf
20983,inf
20984,inf
20985,inf
20986,inf
20987,inf
20988,inf
20989,inf
20990,inf
20991,inf
20992,inf
20993,inf
20994,inf
20995,inf
20996,inf
20997,inf
20998,inf
20999,inf
21000,inf
21001,inf
21002,inf
21003,inf
21004,inf
21005,inf
21006,inf
21007,inf
21008,inf
21009,inf
21010,inf
21011,inf
21012,inf
21013,inf
21014,inf
21015,inf
21016,inf
21017,inf
21018,inf
21019,inf
21020,inf
21021,inf
21022,inf
21023,inf
21024,inf
21025,inf
21026,inf
21027,inf
21028,inf
21029,inf
21030,inf
21031,inf
21032,inf
21033,inf
21034,inf
21035,inf
21036,inf
21037,inf
21038,inf
21039,inf
21040,inf
21041,inf
21042,inf
21043,inf
21044,inf
21045,inf
21046,inf
21047,inf
21048,inf
21049,inf
21050,inf
21051,inf
21052,inf
21053,inf
21054,inf
21055,inf
21056,inf
21057,inf
21058,inf
21059,inf
21060,inf
21061,inf
21062,inf
21063,inf
21064,inf
21065,inf
21066,inf
21067,inf
21068,inf
21069,inf
21070,inf
21071,inf
21072,inf
21073,inf
21074,inf
21075,inf
21076,inf
21077,inf
21078,inf
21079,inf
21080,inf
21081,inf
21082,inf
21083,inf
21084,inf
21085,inf
21086,inf
21087,inf
21088,inf
21089,inf
21090,inf
21091,inf
21092,inf
21093,inf
21094,inf
21095,inf
21096,inf
21097,inf
21098,inf
21099,inf
21100,inf
21101,inf
21102,inf
21103,inf
21104,inf
21105,inf
21106,inf
21107,inf
21108,inf
21109,inf
21110,inf
21111,inf
21112,inf
21113,inf
21114,inf
21115,inf
21116,inf
21117,inf
21118,inf
21119,inf
21120,inf
21121,inf
21122,inf
21123,inf
21124,inf
21125,inf
21126,inf
21127,inf
21128,inf
21129,inf
21130,inf
21131,inf
21132,inf
21133,inf
21134,inf
21135,inf
21136,inf
21137,inf
21138,inf
21139,inf
21140,inf
21141,inf
21142,inf
21143,inf
21144,inf
21145,inf
21146,inf
21147,inf
21148,inf
21149,inf
21150,inf
21151,inf
21152,inf
21153,inf
21154,inf
21155,inf
21156,inf
21157,inf
21158,inf
21159,inf
21160,inf
21161,inf
21162,inf
21163,inf
21164,inf
21165,inf
21166,inf
21167,inf
21168,inf
21169,inf
21170,inf
21171,inf
21172,inf
21173,inf
21174,inf
21175,inf
21176,inf
21177,inf
21178,inf
21179,inf
21180,inf
21181,inf
21182,inf
21183,inf
21184,inf
21185,inf
21186,inf
21187,inf
21188,inf
21189,inf
21190,inf
21191,inf
21192,inf
21193,inf
21194,inf
21195,inf
21196,inf
21197,inf
21198,inf
21199,inf
21200,inf
21201,inf
21202,inf
21203,inf
21204,inf
21205,inf
21206,inf
21207,inf
21208,inf
21209,inf
21210,inf
21211,inf
21212,inf
21213,inf
21214,inf
21215,inf
21216,inf
21217,inf
21218,inf
21219,inf
21220,inf
21221,inf
21222,inf
21223,inf
21224,inf
21225,inf
21226,inf
21227,inf
21228,inf
21229,inf
21230,inf
21231,inf
21232,inf
21233,inf
21234,inf
21235,inf
21236,inf
21237,inf
21238,inf
21239,inf
21240,inf
21241,inf
21242,inf
21243,inf
21244,inf
21245,inf
21246,inf
21247,inf
21248,inf
21249,inf
21250,inf
21251,inf
21252,inf
21253,inf
21254,inf
21255,inf
21256,inf
21257,inf
21258,inf
21259,inf
21260,inf
21261,inf
21262,inf
21263,inf
21264,inf
21265,inf
21266,inf
21267,inf
21268,inf
21269,inf
21270,inf
21271,inf
21272,inf
21273,inf
21274,inf
21275,inf
21276,inf
21277,inf
21278,inf
21279,inf
21280,inf
21281,inf
21282,inf
21283,inf
21284,inf
21285,inf
21286,inf
21287,inf
21288,inf
21289,inf
21290,inf
21291,inf
21292,inf
21293,inf
21294,inf
21295,inf
21296,inf
21297,inf
21298,inf
21299,inf
21300,inf
21301,inf
21302,inf
21303,inf
21304,inf
21305,inf
21306,inf
21307,inf
21308,inf
21309,inf
21310,inf
21311,inf
21312,inf
21313,inf
21314,inf
21315,inf
21316,inf
21317,inf
21318,inf
21319,inf
21320,inf
21321,inf
21322,inf
21323,inf
21324,inf
21325,inf
21326,inf
21327,inf
21328,inf
21329,inf
21330,inf
21331,inf
21332,inf
21333,inf
21334,inf
21335,inf
21336,inf
21337,inf
21338,inf
21339,inf
21340,inf
21341,inf
21342,inf
21343,inf
21344,inf
21345,inf
21346,inf
21347,inf
21348,inf
21349,inf
21350,inf
21351,inf
21352,inf
21353,inf
21354,inf
21355,inf
21356,inf
21357,inf
21358,inf
21359,inf
21360,inf
21361,inf
21362,inf
21363,inf
21364,inf
21365,inf
21366,inf
21367,inf
21368,inf
21369,inf
21370,inf
21371,inf
21372,inf
21373,inf
21374,inf
21375,inf
21376,inf
21377,inf
21378,inf
21379,inf
21380,inf
21381,inf
21382,inf
21383,inf
21384,inf
21385,inf
21386,inf
21387,inf
21388,inf
21389,inf
21390,inf
21391,inf
21392,inf
21393,inf
21394,inf
21395,inf
21396,inf
21397,inf
21398,inf
21399,inf
21400,inf
21401,inf
21402,inf
21403,inf
21404,inf
21405,inf
21406,inf
21407,inf
21408,inf
21409,inf
21410,inf
21411,inf
21412,inf
21413,inf
21414,inf
21415,inf
21416,inf
21417,inf
21418,inf
21419,inf
21420,inf
21421,inf
21422,inf
21423,inf
21424,inf
21425,inf
21426,inf
21427,inf
21428,inf
21429,inf
21430,inf
21431,inf
21432,inf
21433,inf
21434,inf
21435,inf
21436,inf
21437,inf
21438,inf
21439,inf
21440,inf
21441,inf
21442,inf
21443,inf
21444,inf
21445,inf
21446,inf
21447,inf
21448,inf
21449,inf
21450,inf
21451,inf
21452,inf
21453,inf
21454,inf
21455,inf
21456,inf
21457,inf
21458,inf
21459,inf
21460,inf
21461,inf
21462,inf
21463,inf
21464,inf
21465,inf
21466,inf
21467,inf
21468,inf
21469,inf
21470,inf
21471,inf
21472,inf
21473,inf
21474,inf
21475,inf
21476,inf
21477,inf
21478,inf
21479,inf
21480,inf
21481,inf
21482,inf
21483,inf
21484,inf
21485,inf
21486,inf
21487,inf
21488,inf
21489,inf
21490,inf
21491,inf
21492,inf
21493,inf
21494,inf
21495,inf
21496,inf
21497,inf
21498,inf
21499,inf
21500,inf
21501,inf
21502,inf
